min_layer,num_speculations,threshold,acceptance_rate,total_time,time_per_token,tokens_per_second,average_exit_layer
0,4,0.1,0.6961520075798034,3.626377296447754,0.01416553631424904,72.80830383300781,4.271267700195312
0,5,0.1,0.5026756346225738,4.0186278343200685,0.015697764977812768,64.59932098388671,4.2206299781799315
0,4,0.15000000000000002,0.5673299491405487,3.7327896118164063,0.014581209421157837,70.5209129333496,3.9765809059143065
0,5,0.15000000000000002,0.5923850536346436,3.5394708633422853,0.013826058059930802,73.8364356994629,4.0
1,4,0.1,0.8838248133659363,3.526331663131714,0.013774733059108257,73.57526016235352,6.999588394165039
1,5,0.1,0.8357678174972534,3.6476862907409666,0.0142487745732069,71.63371810913085,7.003325462341309
1,4,0.15000000000000002,0.8426894426345826,3.549244689941406,0.013864237070083617,72.48046264648437,6.980000019073486
1,5,0.15000000000000002,0.8538642168045044,3.517378044128418,0.013739757984876633,73.593603515625,6.980327892303467
